{
  "_id": "InvalidUser45",
  "created": "2021-03-03T18:31:10.498Z",
  "updated": "2021-03-03T18:31:10.498Z",
  "rvn": 1,
  "wipeNumber": 1,
  "accountId": "InvalidUser45",
  "profileId": "common_core",
  "version": "neonite_2",
  "items": {
    "Currency:MtxPurchased": {
      "attributes": {
        "platform": "EpicPC"
      },
      "quantity": 100000,
      "templateId": "Currency:MtxPurchased"
    }
  },
  "stats": {
    "attributes": {
      "mtx_affiliate": "Neonite",
      "current_mtx_platform": "EpicPC",
      "mtx_purchase_history": {}
    }
  }
}