{
  "created": "2021-02-19T18:38:59.801Z",
  "updated": "2021-02-19T18:38:59.801Z",
  "rvn": 1,
  "wipeNumber": 1,
  "accountId": "Lol",
  "profileId": "collections",
  "version": "fortnite_start",
  "items": {
    "f9909fba-3003-43fb-9e4b-ecc43f23afa9": {
      "templateId": "CollectableFish:snowman",
      "attributes": {
        "collected": [
          {
            "variantTag": "Fish.Snowman.Default",
            "contextTags": [],
            "properties": {
              "weight": 3,
              "length": 63.81334686279297
            },
            "seenState": "Collected",
            "count": 54
          }
        ]
      },
      "quantity": 1
    },
    "0fcfb28c-7b2c-427e-b4a9-ad3b86669fba": {
      "templateId": "CollectableFish:lesseffectiveflopper",
      "attributes": {
        "collected": [
          {
            "variantTag": "Fish.LessEffectiveFlopper.Blue",
            "contextTags": [],
            "properties": {
              "weight": 3,
              "length": 28.60551643371582
            },
            "seenState": "Collected",
            "count": 8
          },
          {
            "variantTag": "Fish.LessEffectiveFlopper.LightBlue",
            "contextTags": [],
            "properties": {
              "weight": 3,
              "length": 25.880380630493164
            },
            "seenState": "Collected",
            "count": 8
          },
          {
            "variantTag": "Fish.LessEffectiveFlopper.Purple",
            "contextTags": [],
            "properties": {
              "weight": 3,
              "length": 21.28395652770996
            },
            "seenState": "Collected",
            "count": 3
          },
          {
            "variantTag": "Fish.LessEffectiveFlopper.Black",
            "contextTags": [],
            "properties": {
              "weight": 3,
              "length": 22.91312026977539
            },
            "seenState": "Collected",
            "count": 2
          },
          {
            "variantTag": "Fish.LessEffectiveFlopper.Tan",
            "contextTags": [],
            "properties": {
              "weight": 3,
              "length": 24.049890518188477
            },
            "seenState": "Collected",
            "count": 3
          }
        ]
      },
      "quantity": 1
    },
    "7c1b6a0e-6409-4c31-8e73-3151ea20b60e": {
      "templateId": "CollectableFish:shieldfish",
      "attributes": {
        "collected": [
          {
            "variantTag": "Fish.ShieldFish.BlackBlue",
            "contextTags": [],
            "properties": {
              "weight": 3,
              "length": 69.3495101928711
            },
            "seenState": "Collected",
            "count": 46
          },
          {
            "variantTag": "Fish.ShieldFish.LightBlue",
            "contextTags": [],
            "properties": {
              "weight": 3,
              "length": 59.104400634765625
            },
            "seenState": "Collected",
            "count": 24
          },
          {
            "variantTag": "Fish.ShieldFish.BlackStripes",
            "contextTags": [],
            "properties": {
              "weight": 3,
              "length": 46.068424224853516
            },
            "seenState": "Collected",
            "count": 1
          },
          {
            "variantTag": "Fish.ShieldFish.Green",
            "contextTags": [],
            "properties": {
              "weight": 3,
              "length": 51.0931396484375
            },
            "seenState": "Collected",
            "count": 3
          },
          {
            "variantTag": "Fish.ShieldFish.Pink",
            "contextTags": [],
            "properties": {
              "weight": 3,
              "length": 67.59188842773438
            },
            "seenState": "Collected",
            "count": 12
          }
        ]
      },
      "quantity": 1
    },
    "d2697fc1-33b9-46ff-9167-c62038a05ac6": {
      "templateId": "CollectableFish:jellyfish",
      "attributes": {
        "collected": [
          {
            "variantTag": "Fish.JellyFish.LightBlue",
            "contextTags": [],
            "properties": {
              "weight": 3,
              "length": 54.939476013183594
            },
            "seenState": "Collected",
            "count": 74
          },
          {
            "variantTag": "Fish.JellyFish.Yellow",
            "contextTags": [],
            "properties": {
              "weight": 3,
              "length": 41.48347854614258
            },
            "seenState": "Collected",
            "count": 4
          },
          {
            "variantTag": "Fish.JellyFish.Purple",
            "contextTags": [],
            "properties": {
              "weight": 3,
              "length": 53.960506439208984
            },
            "seenState": "Collected",
            "count": 8
          },
          {
            "variantTag": "Fish.JellyFish.Pink",
            "contextTags": [],
            "properties": {
              "weight": 3,
              "length": 44.54877471923828
            },
            "seenState": "Collected",
            "count": 2
          },
          {
            "variantTag": "Fish.JellyFish.Black",
            "contextTags": [],
            "properties": {
              "weight": 3,
              "length": 41.068115234375
            },
            "seenState": "Collected",
            "count": 1
          }
        ]
      },
      "quantity": 1
    },
    "ee7c896f-7a56-4bae-8de9-a4db23fb6e3a": {
      "templateId": "CollectableFish:flopper",
      "attributes": {
        "collected": [
          {
            "variantTag": "Fish.Flopper.Green",
            "contextTags": [],
            "properties": {
              "weight": 3,
              "length": 63.61958694458008
            },
            "seenState": "Collected",
            "count": 82
          },
          {
            "variantTag": "Fish.Flopper.Orange",
            "contextTags": [],
            "properties": {
              "weight": 3,
              "length": 60.559051513671875
            },
            "seenState": "Collected",
            "count": 119
          },
          {
            "variantTag": "Fish.Flopper.Blue",
            "contextTags": [],
            "properties": {
              "weight": 3,
              "length": 61.13420867919922
            },
            "seenState": "Collected",
            "count": 64
          }
        ]
      },
      "quantity": 1
    },
    "e07d2ab9-8daa-4678-97de-6a0810f38b6c": {
      "templateId": "CollectableFish:rift",
      "attributes": {
        "collected": [
          {
            "variantTag": "Fish.Rift.Galactic",
            "contextTags": [],
            "properties": {
              "weight": 3,
              "length": 102.60070037841797
            },
            "seenState": "Collected",
            "count": 17
          },
          {
            "variantTag": "Fish.Rift.Butterfly",
            "contextTags": [],
            "properties": {
              "weight": 3,
              "length": 104.33998107910156
            },
            "seenState": "Collected",
            "count": 45
          },
          {
            "variantTag": "Fish.Rift.Sandstorm",
            "contextTags": [],
            "properties": {
              "weight": 3,
              "length": 100.29094696044922
            },
            "seenState": "Collected",
            "count": 4
          },
          {
            "variantTag": "Fish.Rift.BlackSpotted",
            "contextTags": [],
            "properties": {
              "weight": 3,
              "length": 101.80636596679688
            },
            "seenState": "Collected",
            "count": 15
          },
          {
            "variantTag": "Fish.Rift.Volcanic",
            "contextTags": [],
            "properties": {
              "weight": 3,
              "length": 76.39228820800781
            },
            "seenState": "Collected",
            "count": 10
          }
        ]
      },
      "quantity": 1
    },
    "69062795-ea89-4e17-9d27-c44aef25acf3": {
      "templateId": "CollectableFish:zeropoint",
      "attributes": {
        "collected": [
          {
            "variantTag": "Fish.ZeroPoint.Tidal",
            "contextTags": [],
            "properties": {
              "weight": 3,
              "length": 114.22885131835938
            },
            "seenState": "Collected",
            "count": 41
          },
          {
            "variantTag": "Fish.ZeroPoint.Crimson",
            "contextTags": [],
            "properties": {
              "weight": 3,
              "length": 110.80523681640625
            },
            "seenState": "Collected",
            "count": 8
          },
          {
            "variantTag": "Fish.ZeroPoint.Leafy",
            "contextTags": [],
            "properties": {
              "weight": 3,
              "length": 68.14694213867188
            },
            "seenState": "Collected",
            "count": 1
          },
          {
            "variantTag": "Fish.ZeroPoint.Tiger",
            "contextTags": [],
            "properties": {
              "weight": 3,
              "length": 82.39862060546875
            },
            "seenState": "Collected",
            "count": 11
          },
          {
            "variantTag": "Fish.ZeroPoint.Skull",
            "contextTags": [],
            "properties": {
              "weight": 3,
              "length": 107.09089660644531
            },
            "seenState": "Collected",
            "count": 1
          }
        ]
      },
      "quantity": 1
    },
    "bdc14e6c-01e6-47c3-b2a9-82411085b80b": {
      "templateId": "CollectableFish:battlefish",
      "attributes": {
        "collected": [
          {
            "variantTag": "Fish.BattleFish.Default",
            "contextTags": [],
            "properties": {
              "weight": 3,
              "length": 46.79399108886719
            },
            "seenState": "Collected",
            "count": 3
          }
        ]
      },
      "quantity": 1
    },
    "c4eb57f0-55b8-440a-8a54-4ce494ad6557": {
      "templateId": "CollectableFish:angler",
      "attributes": {
        "collected": [
          {
            "variantTag": "Fish.Angler.PurpleOrange",
            "contextTags": [],
            "properties": {
              "weight": 3,
              "length": 92.20819854736328
            },
            "seenState": "Collected",
            "count": 48
          },
          {
            "variantTag": "Fish.Angler.Silver",
            "contextTags": [],
            "properties": {
              "weight": 3,
              "length": 91.14265441894531
            },
            "seenState": "Collected",
            "count": 33
          },
          {
            "variantTag": "Fish.Angler.Green",
            "contextTags": [],
            "properties": {
              "weight": 3,
              "length": 54.56719970703125
            },
            "seenState": "Collected",
            "count": 1
          },
          {
            "variantTag": "Fish.Angler.RedGreen",
            "contextTags": [],
            "properties": {
              "weight": 3,
              "length": 83.9761962890625
            },
            "seenState": "Collected",
            "count": 5
          },
          {
            "variantTag": "Fish.Angler.Purple",
            "contextTags": [],
            "properties": {
              "weight": 3,
              "length": 84.69810485839844
            },
            "seenState": "Collected",
            "count": 1
          }
        ]
      },
      "quantity": 1
    },
    "98c198ff-8710-42b3-8071-f9b6c5518e27": {
      "templateId": "CollectableCharacter:boss",
      "attributes": {
        "collected": [
          {
            "variantTag": "AISpawnerData.Type.Boss.Cosmos",
            "contextTags": [
              "Athena.Location.UnNamedPOI.Tandem.CosmosCrashSite"
            ],
            "properties": {
              "questsGiven": 0,
              "questsCompleted": 0
            },
            "seenState": "Complete",
            "count": 1
          },
          {
            "variantTag": "AISpawnerData.Type.Boss.Nightmare",
            "contextTags": [
              "Athena.Location.POI.NightmareJungle"
            ],
            "properties": {
              "questsGiven": 0,
              "questsCompleted": 0
            },
            "seenState": "Complete",
            "count": 1
          }
        ]
      },
      "quantity": 1
    },
    "16468706-d7fb-4620-92b7-3d5514f0dec2": {
      "templateId": "CollectableCharacter:tandem",
      "attributes": {
        "collected": [
          {
            "variantTag": "AISpawnerData.Type.Tandem.Outlaw",
            "contextTags": [
              "Athena.Location.UnNamedPOI.ButterBarn"
            ],
            "properties": {
              "questsGiven": 0,
              "questsCompleted": 0
            },
            "seenState": "Complete",
            "count": 8
          },
          {
            "variantTag": "AISpawnerData.Type.Tandem.FarmerSteel",
            "contextTags": [
              "Athena.Location.UnNamedPOI.SteelFarm"
            ],
            "properties": {
              "questsGiven": 1,
              "questsCompleted": 1
            },
            "seenState": "Complete",
            "count": 8
          },
          {
            "variantTag": "AISpawnerData.Type.Tandem.Bandolier",
            "contextTags": [
              "Athena.Location.UnNamedPOI.Tandem.FlushBuilding"
            ],
            "properties": {
              "questsGiven": 0,
              "questsCompleted": 0
            },
            "seenState": "Complete",
            "count": 4
          },
          {
            "variantTag": "AISpawnerData.Type.Tandem.Rapscallion",
            "contextTags": [
              "Athena.Location.POI.HollyHedges",
              "Athena.Location.POI.LazyLake"
            ],
            "properties": {
              "questsGiven": 0,
              "questsCompleted": 0
            },
            "seenState": "Complete",
            "count": 13
          },
          {
            "variantTag": "AISpawnerData.Type.Tandem.Deadfire",
            "contextTags": [
              "Athena.Location.UnNamedPOI.SheriffOffice"
            ],
            "properties": {
              "questsGiven": 0,
              "questsCompleted": 0
            },
            "seenState": "Complete",
            "count": 10
          },
          {
            "variantTag": "AISpawnerData.Type.Tandem.Ragnarok",
            "contextTags": [
              "Athena.Location.UnNamedPOI.VikingShip"
            ],
            "properties": {
              "questsGiven": 0,
              "questsCompleted": 0
            },
            "seenState": "Complete",
            "count": 2
          },
          {
            "variantTag": "AISpawnerData.Type.Tandem.Bigfoot",
            "contextTags": [
              "Athena.Location.UnNamedPOI.Tandem.Bigfoot"
            ],
            "properties": {
              "questsGiven": 0,
              "questsCompleted": 0
            },
            "seenState": "Complete",
            "count": 3
          },
          {
            "variantTag": "AISpawnerData.Type.Tandem.Turk",
            "contextTags": [
              "Athena.Location.UnnamedPOI.LazyLakeIsland",
              "Athena.Location.UnnamedPOI.CanoeRentals"
            ],
            "properties": {
              "questsGiven": 2,
              "questsCompleted": 2
            },
            "seenState": "Collected",
            "count": 19
          },
          {
            "variantTag": "AISpawnerData.Type.Tandem.Outcast",
            "contextTags": [
              "Athena.Location.UnnamedPOI.FlopperPond",
              "Athena.Location.POI.SunnyShores"
            ],
            "properties": {
              "questsGiven": 1,
              "questsCompleted": 1
            },
            "seenState": "Complete",
            "count": 11
          },
          {
            "variantTag": "AISpawnerData.Type.Tandem.BunkerJonesy",
            "contextTags": [
              "Athena.Location.UnnamedPOI.CampCod",
              "Athena.Location.UnnamedPOI.ShipwreckCove"
            ],
            "properties": {
              "questsGiven": 0,
              "questsCompleted": 0
            },
            "seenState": "Complete",
            "count": 10
          },
          {
            "variantTag": "AISpawnerData.Type.Tandem.WeaponsExpert",
            "contextTags": [
              "Athena.Location.POI.DirtyDocks"
            ],
            "properties": {
              "questsGiven": 0,
              "questsCompleted": 0
            },
            "seenState": "Complete",
            "count": 7
          },
          {
            "variantTag": "AISpawnerData.Type.Tandem.Guide",
            "contextTags": [
              "Athena.Location.POI.HuntersHaven"
            ],
            "properties": {
              "questsGiven": 0,
              "questsCompleted": 0
            },
            "seenState": "Complete",
            "count": 13
          },
          {
            "variantTag": "AISpawnerData.Type.Tandem.Doggo",
            "contextTags": [
              "Athena.Location.POI.PleasantPark",
              "Athena.Location.POI.RetailRow"
            ],
            "properties": {
              "questsGiven": 2,
              "questsCompleted": 2
            },
            "seenState": "Complete",
            "count": 17
          },
          {
            "variantTag": "AISpawnerData.Type.Tandem.Dummy",
            "contextTags": [
              "Athena.Location.POI.Tandem.PleasantPark",
              "Athena.Location.UnnamedPOI.ScrapYard"
            ],
            "properties": {
              "questsGiven": 0,
              "questsCompleted": 0
            },
            "seenState": "Complete",
            "count": 11
          },
          {
            "variantTag": "AISpawnerData.Type.Tandem.Gladiator",
            "contextTags": [
              "Athena.Location.POI.Coliseum"
            ],
            "properties": {
              "questsGiven": 1,
              "questsCompleted": 0
            },
            "seenState": "Complete",
            "count": 7
          },
          {
            "variantTag": "AISpawnerData.Type.Tandem.Ruckus",
            "contextTags": [
              "Athena.Location.UnnamedPOI.PowerDam"
            ],
            "properties": {
              "questsGiven": 0,
              "questsCompleted": 0
            },
            "seenState": "Complete",
            "count": 1
          },
          {
            "variantTag": "AISpawnerData.Type.Tandem.Kit",
            "contextTags": [
              "Athena.Location.POI.CattyCorner"
            ],
            "properties": {
              "questsGiven": 0,
              "questsCompleted": 0
            },
            "seenState": "Complete",
            "count": 4
          },
          {
            "variantTag": "AISpawnerData.Type.Tandem.Sleuth",
            "contextTags": [
              "Athena.Location.POI.RetailRow"
            ],
            "properties": {
              "questsGiven": 0,
              "questsCompleted": 0
            },
            "seenState": "Collected",
            "count": 3
          },
          {
            "variantTag": "AISpawnerData.Type.Tandem.Sparkplug",
            "contextTags": [
              "Athena.Location.POI.LazyLake"
            ],
            "properties": {
              "questsGiven": 2,
              "questsCompleted": 1
            },
            "seenState": "Collected",
            "count": 15
          },
          {
            "variantTag": "AISpawnerData.Type.Tandem.BeefBoss",
            "contextTags": [
              "Athena.Location.UnNamedPOI.PretzelRestaurant_B",
              "Athena.Location.UnnamedPOI.DurrrBurger"
            ],
            "properties": {
              "questsGiven": 0,
              "questsCompleted": 0
            },
            "seenState": "Complete",
            "count": 14
          },
          {
            "variantTag": "AISpawnerData.Type.Tandem.FutureSamurai",
            "contextTags": [
              "Athena.Location.POI.MountainMeadow"
            ],
            "properties": {
              "questsGiven": 0,
              "questsCompleted": 0
            },
            "seenState": "Complete",
            "count": 14
          },
          {
            "variantTag": "AISpawnerData.Type.Tandem.Bushranger",
            "contextTags": [
              "Athena.Location.POI.SaltyTowers"
            ],
            "properties": {
              "questsGiven": 0,
              "questsCompleted": 0
            },
            "seenState": "Collected",
            "count": 1
          },
          {
            "variantTag": "AISpawnerData.Type.Tandem.Sunflower",
            "contextTags": [
              "Athena.Location.UnnamedPOI.AngryApples"
            ],
            "properties": {
              "questsGiven": 87,
              "questsCompleted": 85
            },
            "seenState": "Complete",
            "count": 296
          },
          {
            "variantTag": "AISpawnerData.Type.Tandem.TomatoHead",
            "contextTags": [
              "Athena.Location.UnNamedPOI.PretzelRestaurant_P"
            ],
            "properties": {
              "questsGiven": 1,
              "questsCompleted": 0
            },
            "seenState": "Collected",
            "count": 15
          },
          {
            "variantTag": "AISpawnerData.Type.Tandem.Burnout",
            "contextTags": [
              "Athena.Location.POI.Tandem.PowerPlant"
            ],
            "properties": {
              "questsGiven": 0,
              "questsCompleted": 0
            },
            "seenState": "Collected",
            "count": 1
          },
          {
            "variantTag": "AISpawnerData.Type.Tandem.Splode",
            "contextTags": [
              "Athena.Location.UnnamedPOI.UnremarkableShack"
            ],
            "properties": {
              "questsGiven": 0,
              "questsCompleted": 0
            },
            "seenState": "Complete",
            "count": 4
          },
          {
            "variantTag": "AISpawnerData.Type.Tandem.Snomando",
            "contextTags": [
              "Athena.Location.UnNamedPOI.Tandem.Snomando"
            ],
            "properties": {
              "questsGiven": 0,
              "questsCompleted": 0
            },
            "seenState": "Complete",
            "count": 5
          },
          {
            "variantTag": "AISpawnerData.Type.Tandem.Fishstick",
            "contextTags": [
              "Athena.Location.POI.BeachyBluffs"
            ],
            "properties": {
              "questsGiven": 1,
              "questsCompleted": 1
            },
            "seenState": "Collected",
            "count": 6
          },
          {
            "variantTag": "AISpawnerData.Type.Tandem.Remedy",
            "contextTags": [
              "Athena.Location.POI.BeachyBluffs"
            ],
            "properties": {
              "questsGiven": 1,
              "questsCompleted": 1
            },
            "seenState": "Collected",
            "count": 7
          },
          {
            "variantTag": "AISpawnerData.Type.Tandem.Cole",
            "contextTags": [
              "Athena.Location.POI.Tandem.RetailRow",
              "Athena.Location.UnnamedPOI.ShipwreckCove"
            ],
            "properties": {
              "questsGiven": 0,
              "questsCompleted": 0
            },
            "seenState": "Complete",
            "count": 3
          },
          {
            "variantTag": "AISpawnerData.Type.Tandem.BigChuggus",
            "contextTags": [
              "Athena.Location.POI.SlurpySwamp"
            ],
            "properties": {
              "questsGiven": 0,
              "questsCompleted": 0
            },
            "seenState": "Collected",
            "count": 1
          },
          {
            "variantTag": "AISpawnerData.Type.Tandem.Blaze",
            "contextTags": [
              "Athena.Location.UnnamedPOI.BonfireCampsite"
            ],
            "properties": {
              "questsGiven": 1,
              "questsCompleted": 1
            },
            "seenState": "Collected",
            "count": 7
          },
          {
            "variantTag": "AISpawnerData.Type.Tandem.Grimbles",
            "contextTags": [
              "Athena.Location.UnnamedPOI.FortRuin"
            ],
            "properties": {
              "questsGiven": 0,
              "questsCompleted": 0
            },
            "seenState": "Complete",
            "count": 2
          },
          {
            "variantTag": "AISpawnerData.Type.Tandem.Shapeshifter",
            "contextTags": [
              "Athena.Location.UnnamedPOI.ShipwreckCove"
            ],
            "properties": {
              "questsGiven": 1,
              "questsCompleted": 1
            },
            "seenState": "Complete",
            "count": 4
          },
          {
            "variantTag": "AISpawnerData.Type.Tandem.TheReaper",
            "contextTags": [
              "Athena.Location.UnnamedPOI.BeachsideMansion"
            ],
            "properties": {
              "questsGiven": 0,
              "questsCompleted": 0
            },
            "seenState": "Complete",
            "count": 1
          },
          {
            "variantTag": "AISpawnerData.Type.Tandem.Triggerfish",
            "contextTags": [
              "Athena.Location.UnnamedPOI.CrashedCargo"
            ],
            "properties": {
              "questsGiven": 0,
              "questsCompleted": 0
            },
            "seenState": "Complete",
            "count": 2
          },
          {
            "variantTag": "AISpawnerData.Type.Tandem.Kyle",
            "contextTags": [
              "Athena.Location.POI.WeepingWoods"
            ],
            "properties": {
              "questsGiven": 0,
              "questsCompleted": 0
            },
            "seenState": "Collected",
            "count": 2
          },
          {
            "variantTag": "AISpawnerData.Type.Tandem.Brutus",
            "contextTags": [
              "Athena.Location.POI.DirtyDocks"
            ],
            "properties": {
              "questsGiven": 0,
              "questsCompleted": 0
            },
            "seenState": "Complete",
            "count": 1
          },
          {
            "variantTag": "AISpawnerData.Type.Tandem.Bullseye",
            "contextTags": [
              "Athena.Location.POI.PowerPlant"
            ],
            "properties": {
              "questsGiven": 0,
              "questsCompleted": 0
            },
            "seenState": "Complete",
            "count": 1
          },
          {
            "variantTag": "AISpawnerData.Type.Tandem.Longshot",
            "contextTags": [
              "Athena.Location.POI.Tandem.MountainMeadow"
            ],
            "properties": {
              "questsGiven": 0,
              "questsCompleted": 0
            },
            "seenState": "Complete",
            "count": 1
          }
        ]
      },
      "quantity": 1
    },
    "82671ec0-d7e8-4481-afdb-07a8e5f7153b": {
      "templateId": "CollectableFish:effectiveflopper",
      "attributes": {
        "collected": [
          {
            "variantTag": "Fish.EffectiveFlopper.Blue",
            "contextTags": [],
            "properties": {
              "weight": 3,
              "length": 60.058074951171875
            },
            "seenState": "Collected",
            "count": 50
          },
          {
            "variantTag": "Fish.EffectiveFlopper.Yellow",
            "contextTags": [],
            "properties": {
              "weight": 3,
              "length": 30.200334548950195
            },
            "seenState": "Collected",
            "count": 1
          },
          {
            "variantTag": "Fish.EffectiveFlopper.Purple",
            "contextTags": [],
            "properties": {
              "weight": 3,
              "length": 45.34104919433594
            },
            "seenState": "Collected",
            "count": 6
          },
          {
            "variantTag": "Fish.EffectiveFlopper.White",
            "contextTags": [],
            "properties": {
              "weight": 3,
              "length": 55.71723937988281
            },
            "seenState": "Collected",
            "count": 3
          },
          {
            "variantTag": "Fish.EffectiveFlopper.BlackBlue",
            "contextTags": [],
            "properties": {
              "weight": 3,
              "length": 40.37490463256836
            },
            "seenState": "Collected",
            "count": 2
          }
        ]
      },
      "quantity": 1
    }
  },
  "stats": {
    "attributes": {}
  },
  "_id": "Lol"
}